Group,Support
Bard conservative,5
Bard conservative,2
Bard conservative,4
Bard conservative,1
Bard conservative,2
Bard conservative,3
Bard conservative,2
Bard conservative,3
Bard conservative,4
Bard conservative,6
immunocompromised,10
immunocompromised,10
immunocompromised,9
immunocompromised,7
immunocompromised,10
immunocompromised,10
immunocompromised,8
immunocompromised,5
immunocompromised,10
immunocompromised,10
Student-Athletes,7
Student-Athletes,8
Student-Athletes,6
Student-Athletes,4
Student-Athletes,5
Student-Athletes,6
Student-Athletes,4
Student-Athletes,5
Student-Athletes,3
Student-Athletes,1
